{"cameraMode":{"drawMode":0,"name":"Shaded","section":"Shading Mode"},"sceneLighting":true,"audioPlay":false,"sceneViewState":{"showFog":true,"showMaterialUpdate":false,"showSkybox":true,"showFlares":true,"showImageEffects":true,"showParticleSystems":true},"in2DMode":false,"pivot":{"x":26.65119171142578,"y":17.248010635375978,"z":25.175037384033204},"rotation":{"x":0.05333506315946579,"y":-0.902443528175354,"z":0.11706573516130448,"w":0.4111529588699341},"size":5.9141364097595219,"orthographic":false}