{"cameraMode":{"drawMode":0,"name":"Shaded","section":"Shading Mode"},"sceneLighting":false,"audioPlay":false,"sceneViewState":{"showFog":true,"showMaterialUpdate":false,"showSkybox":true,"showFlares":true,"showImageEffects":true,"showParticleSystems":true},"in2DMode":false,"pivot":{"x":20.935800552368165,"y":-5.095447540283203,"z":-1.521231770515442},"rotation":{"x":0.0500192828476429,"y":0.9104849100112915,"z":-0.11562176793813706,"w":0.39388707280158999},"size":22.0,"orthographic":false}